Thomas,Müller,tmueller,thomas.mueller@email.com
Anna-Marie,Schmidt,aschmidt,anna.schmidt@email.com
Hans-Peter,Weber,hweber,hans.weber@email.com
Sofia,Becker,sbecker,sofia.becker@email.com
Karl-Heinz,Wagner,kwagner,karl.wagner@email.com
Elena,Hoffmann,ehoffmann,elena.hoffmann@email.com
Jean-Luc,Fischer,jfischer,jean.fischer@email.com
Maria-Luisa,Koch,mkoch,maria.koch@email.com
Wolfgang,Schäfer,wschaefer,wolfgang.schaefer@email.com
Lena,Klein,lklein,lena.klein@email.com
Klaus-Dieter,Richter,krichter,klaus.richter@email.com
Emma,Wolf,ewolf,emma.wolf@email.com
Giuseppe,Schröder,gschroeder,giuseppe.schroeder@email.com
Anne-Sophie,Neumann,aneumann,anne.neumann@email.com
Lars,Schwarz,lschwarz,lars.schwarz@email.com
Ingrid,Zimmermann,izimmermann,ingrid.zimmermann@email.com
Paul-Henri,Braun,pbraun,paul.braun@email.com
Helga,Krüger,hkrueger,helga.krueger@email.com
Michael,Hofmann,mhofmann,michael.hofmann@email.com
Sophia-Louise,König,skoenig,sophia.koenig@email.com
Franz,Pohl,fpohl,franz.pohl@email.com
Marie-Claire,Werner,mwerner,marie.werner@email.com
Alexander,Schmitz,aschmitz,alexander.schmitz@email.com
Ursula,Lang,ulang,ursula.lang@email.com
Jan-Hendrik,Schulz,jschulz,jan.schulz@email.com
Heike,Köhler,hkoehler,heike.koehler@email.com
Pierre,Meyer,pmeyer,pierre.meyer@email.com
Brigitte,Fuchs,bfuchs,brigitte.fuchs@email.com
Max-Emanuel,Huber,mhuber,max.huber@email.com
Christina,Vogel,cvogel,christina.vogel@email.com
Erik,Peters,epeters,erik.peters@email.com
Anna-Lena,Keller,akeller,anna.keller@email.com
Rainer,Schmid,rschmid,rainer.schmid@email.com
Marta,Bergmann,mbergmann,marta.bergmann@email.com
Lukas,Barth,lbarth,lukas.barth@email.com
Eva-Maria,Friedrich,efriedrich,eva.friedrich@email.com
David,Scholz,dscholz,david.scholz@email.com
Claudia,Maier,cmaier,claudia.maier@email.com
Johannes,Berger,jberger,johannes.berger@email.com
Isabel,Heinrich,iheinrich,isabel.heinrich@email.com
Stefan,Kaiser,skaiser,stefan.kaiser@email.com
Laura-Sophie,Sauer,lsauer,laura.sauer@email.com
Markus,Graf,mgraf,markus.graf@email.com
Nina,Schuster,nschuster,nina.schuster@email.com
Peter-Michael,Baumann,pbaumann,peter.baumann@email.com
Julia,Ziegler,jziegler,julia.ziegler@email.com
Andreas,Frank,afrank,andreas.frank@email.com
Katharina,Roth,kroth,katharina.roth@email.com
Dieter,Günther,dguenther,dieter.guenther@email.com
Lisa-Marie,Simon,lsimon,lisa.simon@email.com
Richard,Kuhn,rkuhn,richard.kuhn@email.com
Susanne,Walter,swalter,susanne.walter@email.com
Georg,Martin,gmartin,georg.martin@email.com
Paula,Beck,pbeck,paula.beck@email.com
Till,Lorenz,tlorenz,till.lorenz@email.com
Martina,Herrmann,mherrmann,martina.herrmann@email.com
Oliver,Schumacher,oschumacher,oliver.schumacher@email.com
Hannah,Stein,hstein,hannah.stein@email.com
Felix-Anton,Otto,fotto,felix.otto@email.com
Nicole,Krause,nkrause,nicole.krause@email.com
Bernd,Ludwig,bludwig,bernd.ludwig@email.com
Amelie,Böhm,boehm,amelie.boehm@email.com
Carl,Hahn,chahn,carl.hahn@email.com
Sophie-Charlotte,Winter,swinter,sophie.winter@email.com
Robert,Arnold,rarnold,robert.arnold@email.com
Theresa,Kraft,tkraft,theresa.kraft@email.com
Martin,Mohr,mmohr,martin.mohr@email.com
Lea,Engel,lengel,lea.engel@email.com
Karl-Ludwig,Vogt,kvogt,karl.vogt@email.com
Sara,Herzog,sherzog,sara.herzog@email.com
Henri,Lange,hlange,henri.lange@email.com
Rebecca,Schreiber,rschreiber,rebecca.schreiber@email.com
Christian,Jäger,cjaeger,christian.jaeger@email.com
Maria-Teresa,Bauer,mbauer,maria.bauer@email.com
Benjamin,Haas,bhaas,benjamin.haas@email.com
Alexandra,Thiel,athiel,alexandra.thiel@email.com
Vincent,Dietrich,vdietrich,vincent.dietrich@email.com
Michaela,Kraus,mkraus,michaela.kraus@email.com
Tobias,Stark,tstark,tobias.stark@email.com
Emma-Louise,Seidel,eseidel,emma.seidel@email.com
Daniel,Schumann,dschumann,daniel.schumann@email.com
Carolin,Reuter,creuter,carolin.reuter@email.com
Jan-Peter,Böttcher,jboettcher,jan.boettcher@email.com
Antonia,Zimmer,azimmer,antonia.zimmer@email.com
Ferdinand,Fiedler,ffiedler,ferdinand.fiedler@email.com
Melanie,Hartmann,mhartmann,melanie.hartmann@email.com
Sebastian,Voigt,svoigt,sebastian.voigt@email.com
Clara,Petersen,cpetersen,clara.petersen@email.com
Luis,Busch,lbusch,luis.busch@email.com
Johanna,Groß,jgross,johanna.gross@email.com
Philip,Horn,phorn,philip.horn@email.com
Victoria,Schindler,vschindler,victoria.schindler@email.com
Leonard,Schubert,lschubert,leonard.schubert@email.com
Marie-Sophie,Winkler,mwinkler,marie.winkler@email.com
Jakob,Ernst,jernst,jakob.ernst@email.com
Sabine,Bergner,sbergner,sabine.bergner@email.com
Maximilian,Brandt,mbrandt,maximilian.brandt@email.com
Leonie,Hansen,lhansen,leonie.hansen@email.com
Fabian,Wolff,fwolff,fabian.wolff@email.com
Elisabeth,Kremer,ekremer,elisabeth.kremer@email.com
Tim-Oliver,Schmitt,tschmitt,tim.schmitt@email.com
Anja,Schulze,aschulze,anja.schulze@email.com
Niklas,Beyer,nbeyer,niklas.beyer@email.com
Franziska,Kugler,fkugler,franziska.kugler@email.com
Marcel,Hermann,mhermann,marcel.hermann@email.com
Charlotte,Lindner,clindner,charlotte.lindner@email.com
Philipp,Baier,pbaier,philipp.baier@email.com
Vanessa,Ritter,vritter,vanessa.ritter@email.com
Werner,Weiß,wweiss,werner.weiss@email.com
Anna-Maria,Zeller,azeller,anna.zeller@email.com
Adrian,Kern,akern,adrian.kern@email.com
Svenja,Reichert,sreichert,svenja.reichert@email.com
Matthias,Kohl,mkohl,matthias.kohl@email.com
Stella,Pfeiffer,spfeiffer,stella.pfeiffer@email.com
Kai,Sommer,ksommer,kai.sommer@email.com
Livia,Ulrich,lulrich,livia.ulrich@email.com
Jan-Niklas,Hoppe,jhoppe,jan.hoppe@email.com
Nadine,Unger,nunger,nadine.unger@email.com
Patrick,Schulte,pschulte,patrick.schulte@email.com
Lara,Stephens,lstephens,lara.stephens@email.com
Christian-Alexander,Böhme,cboehme,christian.boehme@email.com
Michelle,Schreiner,mschreiner,michelle.schreiner@email.com
Jonas,Franke,jfranke,jonas.franke@email.com
Mia,Kunz,mkunz,mia.kunz@email.com
Moritz,Lehmann,mlehmann,moritz.lehmann@email.com
Lena-Marie,Meier,lmeier,lena.meier@email.com
Simon,Albrecht,salbrecht,simon.albrecht@email.com
Chiara,Brand,cbrand,chiara.brand@email.com
Oscar,Wenzel,owenzel,oscar.wenzel@email.com
Caroline,Hesse,chesse,caroline.hesse@email.com
Lennart,Stadler,lstadler,lennart.stadler@email.com
Jasmin,Kiefer,jkiefer,jasmin.kiefer@email.com
Paul,Schiller,pschiller,paul.schiller@email.com
Emilia,Haase,ehaase,emilia.haase@email.com
Constantin,Lutz,clutz,constantin.lutz@email.com
Teresa,Geiger,tgeiger,teresa.geiger@email.com
Dennis,Pape,dpape,dennis.pape@email.com
Leah,Bachmann,lbachmann,leah.bachmann@email.com
Marc-André,Ebert,mebert,marc.ebert@email.com
Annika,Thoma,athoma,annika.thoma@email.com
Robin,Hummel,rhummel,robin.hummel@email.com
Nina-Sophie,Maurer,nmaurer,nina.maurer@email.com
Gregor,Seifert,gseifert,gregor.seifert@email.com
Alina,Beckmann,abeckmann,alina.beckmann@email.com
Marco,Schutz,mschutz,marco.schutz@email.com
Isabell,Ehlers,iehlers,isabell.ehlers@email.com
Eric,Berndt,eberndt,eric.berndt@email.com
Lilly,Krebs,lkrebs,lilly.krebs@email.com
Rafael,Möller,moeller,rafael.moeller@email.com
Emma-Sophie,Weis,eweis,emma.weis@email.com
Lucas,Reinhardt,lreinhardt,lucas.reinhardt@email.com
Natalie,Kunze,nkunze,natalie.kunze@email.com
Dominik,Breuer,dbreuer,dominik.breuer@email.com
Sophia,Gerlach,sgerlach,sophia.gerlach@email.com
Christopher,Krämer,kraemer,christopher.kraemer@email.com
Linda,Niemann,lniemann,linda.niemann@email.com
Julian,Pfaff,jpfaff,julian.pfaff@email.com
Marie-Therese,Seidl,mseidl,marie.seidl@email.com
Kevin,Lindemann,klindemann,kevin.lindemann@email.com
Tanja,Heinze,theinze,tanja.heinze@email.com
Bastian,Rupp,brupp,bastian.rupp@email.com
Luisa,Schramm,lschramm,luisa.schramm@email.com
Nico,Voigt,nvoigt,nico.voigt@email.com
Helena,Behrens,hbehrens,helena.behrens@email.com
Florian,Kramer,fkramer,florian.kramer@email.com
Sarah-Jane,Buchholz,sbuchholz,sarah.buchholz@email.com
Tim,Rauch,trauch,tim.rauch@email.com
Jennifer,Blum,jblum,jennifer.blum@email.com
Max-Philip,Schade,mschade,max.schade@email.com
Miriam,Wegner,mwegner,miriam.wegner@email.com
Samuel,Grunert,sgrunert,samuel.grunert@email.com
Leonie-Sophie,Eckert,leckert,leonie.eckert@email.com
Ben,Langer,blanger,ben.langer@email.com
Kathrin,Hentschel,khentschel,kathrin.hentschel@email.com
Maximilian-Joseph,Scholtz,mscholtz,maximilian.scholtz@email.com
Marina,Böttger,mboettger,marina.boettger@email.com
Sven,Witte,switte,sven.witte@email.com
Carla,Sander,csander,carla.sander@email.com
Tom,Gruber,tgruber,tom.gruber@email.com
Lea-Marie,Förster,ffoerster,lea.foerster@email.com
Pascal,Hamann,phamann,pascal.hamann@email.com
Viktoria,Pfeifer,vpfeifer,viktoria.pfeifer@email.com
Luca,Brauer,lbrauer,luca.brauer@email.com
Anna-Sophie,Lenz,alenz,anna.lenz@email.com
Nils,Jansen,njansen,nils.jansen@email.com
Melina,Bartsch,mbartsch,melina.bartsch@email.com
Bruno-Alexander,Nowak,bnowak,bruno.nowak@email.com
Katrin,Dietz,kdietz,katrin.dietz@email.com
Ricardo,Rudolph,rrudolph,ricardo.rudolph@email.com
Paula-Marie,Kühn,pkuehn,paula.kuehn@email.com
Leon,Wetzel,lwetzel,leon.wetzel@email.com
Jessica,Meyers,jmeyers,jessica.meyers@email.com
Anton,Schreiber,aschreiber,anton.schreiber@email.com
Sophia-Maria,Fuhrmann,sfuhrmann,sophia.fuhrmann@email.com
Jannik,Beyer,jbeyer,jannik.beyer@email.com
Larissa,Schuster,lschuster,larissa.schuster@email.com
Thorsten,Betz,tbetz,thorsten.betz@email.com
Emily,Keller,ekeller,emily.keller@email.com
Marvin,Wilke,mwilke,marvin.wilke@email.com
Pauline,Schütz,pschuetz,pauline.schuetz@email.com
Victor,Friedrichs,vfriedrichs,victor.friedrichs@email.com
Maike,Körner,mkoerner,maike.koerner@email.com
Lars-Erik,Straub,lstraub,lars.straub@email.com
Nora,Henning,nhenning,nora.henning@email.com
Arne,Riedel,ariedel,arne.riedel@email.com
Lotte,Menzel,lmenzel,lotte.menzel@email.com
Jean-Marc,Baader,jbaader,jean.baader@email.com
Alicia,Westphal,awestphal,alicia.westphal@email.com
Yannic,Binder,ybinder,yannic.binder@email.com
Maja,Esser,messer,maja.esser@email.com
Raphael,Petri,rpetri,raphael.petri@email.com
Lina-Marie,Scherer,lscherer,lina.scherer@email.com
Gustav,Rieger,grieger,gustav.rieger@email.com
Joanna,Seiler,jseiler,joanna.seiler@email.com
Clemens,Busse,cbusse,clemens.busse@email.com
Elena-Maria,Naumann,enaumann,elena.naumann@email.com
Malte,Hübner,mhuebner,malte.huebner@email.com
Angelina,Kolb,akolb,angelina.kolb@email.com
Laurenz,Mayer,lmayer,laurenz.mayer@email.com
Sophie-Marie,Böhmer,sboehmer,sophie.boehmer@email.com
Ole,Kessler,okessler,ole.kessler@email.com
Olivia,Harms,oharms,olivia.harms@email.com
